Código alumno,Código Colegio,Distrito,Grado,Genero,Nota
1,Colegio 5,Distrito 5,1,Mujer,13
2,Colegio 9,Distrito 9,2,Hombre,6
3,Colegio 3,Distrito 3,4,Mujer,17
4,Colegio 1,Distrito 1,6,Hombre,17
5,Colegio 3,Distrito 3,4,Hombre,7
6,Colegio 6,Distrito 6,4,Mujer,12
7,Colegio 2,Distrito 2,1,Hombre,17
8,Colegio 6,Distrito 6,3,Hombre,7
9,Colegio 3,Distrito 3,3,Hombre,5
10,Colegio 3,Distrito 3,3,Mujer,9
11,Colegio 4,Distrito 4,1,Mujer,16
12,Colegio 9,Distrito 9,3,Hombre,9
13,Colegio 2,Distrito 2,2,Hombre,10
14,Colegio 8,Distrito 8,6,Mujer,7
15,Colegio 5,Distrito 5,6,Mujer,12
16,Colegio 6,Distrito 6,4,Mujer,6
17,Colegio 4,Distrito 4,6,Mujer,11
18,Colegio 9,Distrito 9,3,Mujer,6
19,Colegio 8,Distrito 8,5,Hombre,8
20,Colegio 4,Distrito 4,2,Mujer,5
21,Colegio 2,Distrito 2,4,Hombre,18
22,Colegio 6,Distrito 6,4,Hombre,9
23,Colegio 3,Distrito 3,6,Hombre,7
24,Colegio 5,Distrito 5,4,Hombre,10
25,Colegio 10,Distrito 10,2,Hombre,6
26,Colegio 7,Distrito 7,3,Hombre,5
27,Colegio 7,Distrito 7,2,Hombre,11
28,Colegio 5,Distrito 5,2,Hombre,6
29,Colegio 6,Distrito 6,5,Mujer,7
30,Colegio 2,Distrito 2,2,Mujer,5
31,Colegio 10,Distrito 10,6,Hombre,9
32,Colegio 2,Distrito 2,5,Mujer,15
33,Colegio 4,Distrito 4,2,Mujer,5
34,Colegio 9,Distrito 9,2,Hombre,7
35,Colegio 6,Distrito 6,2,Mujer,12
36,Colegio 3,Distrito 3,2,Mujer,14
37,Colegio 9,Distrito 9,6,Mujer,9
38,Colegio 1,Distrito 1,5,Hombre,8
39,Colegio 7,Distrito 7,2,Hombre,9
40,Colegio 4,Distrito 4,6,Hombre,13
41,Colegio 6,Distrito 6,3,Mujer,13
42,Colegio 1,Distrito 1,4,Mujer,7
43,Colegio 8,Distrito 8,6,Mujer,17
44,Colegio 3,Distrito 3,1,Hombre,6
45,Colegio 9,Distrito 9,4,Hombre,6
46,Colegio 5,Distrito 5,5,Hombre,14
47,Colegio 10,Distrito 10,3,Mujer,15
48,Colegio 3,Distrito 3,1,Mujer,12
49,Colegio 7,Distrito 7,1,Mujer,8
50,Colegio 6,Distrito 6,6,Mujer,11
51,Colegio 7,Distrito 7,3,Mujer,12
52,Colegio 3,Distrito 3,1,Hombre,18
53,Colegio 6,Distrito 6,3,Hombre,10
54,Colegio 7,Distrito 7,3,Mujer,12
55,Colegio 3,Distrito 3,4,Mujer,18
56,Colegio 5,Distrito 5,6,Mujer,10
57,Colegio 7,Distrito 7,5,Mujer,11
58,Colegio 10,Distrito 10,6,Mujer,6
59,Colegio 9,Distrito 9,1,Hombre,14
60,Colegio 7,Distrito 7,3,Mujer,8
61,Colegio 6,Distrito 6,5,Hombre,15
62,Colegio 6,Distrito 6,5,Mujer,15
63,Colegio 1,Distrito 1,5,Mujer,9
64,Colegio 2,Distrito 2,1,Hombre,14
65,Colegio 10,Distrito 10,1,Mujer,14
66,Colegio 2,Distrito 2,6,Hombre,12
67,Colegio 10,Distrito 10,1,Mujer,5
68,Colegio 3,Distrito 3,5,Mujer,8
69,Colegio 5,Distrito 5,1,Hombre,13
70,Colegio 1,Distrito 1,2,Mujer,12
71,Colegio 4,Distrito 4,1,Mujer,16
72,Colegio 10,Distrito 10,5,Mujer,18
73,Colegio 2,Distrito 2,5,Hombre,10
74,Colegio 7,Distrito 7,2,Hombre,13
75,Colegio 8,Distrito 8,4,Hombre,16
76,Colegio 6,Distrito 6,2,Hombre,5
77,Colegio 8,Distrito 8,4,Mujer,10
78,Colegio 7,Distrito 7,3,Mujer,9
79,Colegio 6,Distrito 6,1,Mujer,17
80,Colegio 3,Distrito 3,1,Mujer,18
81,Colegio 1,Distrito 1,3,Hombre,6
82,Colegio 9,Distrito 9,4,Hombre,14
83,Colegio 7,Distrito 7,6,Mujer,16
84,Colegio 10,Distrito 10,3,Hombre,16
85,Colegio 3,Distrito 3,4,Mujer,5
86,Colegio 8,Distrito 8,6,Hombre,17
87,Colegio 6,Distrito 6,2,Mujer,18
88,Colegio 2,Distrito 2,1,Hombre,13
89,Colegio 9,Distrito 9,2,Hombre,14
90,Colegio 10,Distrito 10,4,Mujer,7
91,Colegio 4,Distrito 4,5,Hombre,15
92,Colegio 6,Distrito 6,6,Hombre,10
93,Colegio 4,Distrito 4,4,Mujer,8
94,Colegio 4,Distrito 4,4,Hombre,9
95,Colegio 1,Distrito 1,2,Mujer,12
96,Colegio 7,Distrito 7,2,Mujer,17
97,Colegio 1,Distrito 1,2,Hombre,12
98,Colegio 6,Distrito 6,6,Mujer,7
99,Colegio 2,Distrito 2,5,Mujer,11
100,Colegio 7,Distrito 7,2,Hombre,14
101,Colegio 1,Distrito 1,6,Hombre,13
102,Colegio 4,Distrito 4,3,Mujer,6
103,Colegio 7,Distrito 7,2,Hombre,13
104,Colegio 6,Distrito 6,3,Hombre,14
105,Colegio 8,Distrito 8,3,Hombre,9
106,Colegio 7,Distrito 7,2,Hombre,10
107,Colegio 3,Distrito 3,1,Mujer,16
108,Colegio 3,Distrito 3,5,Mujer,8
109,Colegio 7,Distrito 7,4,Hombre,13
110,Colegio 2,Distrito 2,1,Mujer,9
111,Colegio 8,Distrito 8,2,Hombre,16
112,Colegio 10,Distrito 10,6,Mujer,7
113,Colegio 4,Distrito 4,5,Hombre,10
114,Colegio 5,Distrito 5,1,Mujer,10
115,Colegio 4,Distrito 4,4,Hombre,14
116,Colegio 7,Distrito 7,5,Hombre,5
117,Colegio 2,Distrito 2,3,Mujer,18
118,Colegio 1,Distrito 1,4,Hombre,6
119,Colegio 3,Distrito 3,6,Hombre,11
120,Colegio 2,Distrito 2,4,Mujer,5
121,Colegio 8,Distrito 8,4,Mujer,15
122,Colegio 5,Distrito 5,6,Hombre,17
123,Colegio 3,Distrito 3,4,Hombre,11
124,Colegio 10,Distrito 10,2,Hombre,6
125,Colegio 9,Distrito 9,5,Hombre,6
126,Colegio 6,Distrito 6,6,Hombre,13
127,Colegio 7,Distrito 7,1,Mujer,8
128,Colegio 5,Distrito 5,2,Mujer,8
129,Colegio 3,Distrito 3,2,Hombre,12
130,Colegio 5,Distrito 5,3,Hombre,8
131,Colegio 10,Distrito 10,5,Mujer,14
132,Colegio 4,Distrito 4,3,Mujer,8
133,Colegio 10,Distrito 10,2,Hombre,7
134,Colegio 6,Distrito 6,4,Mujer,15
135,Colegio 8,Distrito 8,4,Mujer,15
136,Colegio 7,Distrito 7,4,Mujer,7
137,Colegio 9,Distrito 9,3,Hombre,7
138,Colegio 8,Distrito 8,6,Hombre,13
139,Colegio 7,Distrito 7,3,Mujer,5
140,Colegio 3,Distrito 3,3,Mujer,16
141,Colegio 8,Distrito 8,2,Mujer,17
142,Colegio 8,Distrito 8,1,Mujer,14
143,Colegio 4,Distrito 4,5,Hombre,6
144,Colegio 3,Distrito 3,6,Hombre,6
145,Colegio 8,Distrito 8,2,Mujer,11
146,Colegio 10,Distrito 10,3,Mujer,15
147,Colegio 9,Distrito 9,5,Hombre,12
148,Colegio 4,Distrito 4,1,Hombre,10
149,Colegio 2,Distrito 2,1,Mujer,17
150,Colegio 3,Distrito 3,1,Hombre,9
151,Colegio 1,Distrito 1,2,Hombre,5
152,Colegio 8,Distrito 8,4,Mujer,6
153,Colegio 6,Distrito 6,6,Mujer,8
154,Colegio 1,Distrito 1,4,Mujer,8
155,Colegio 1,Distrito 1,4,Mujer,15
156,Colegio 3,Distrito 3,6,Mujer,7
157,Colegio 6,Distrito 6,4,Hombre,13
158,Colegio 9,Distrito 9,2,Hombre,8
159,Colegio 4,Distrito 4,1,Mujer,10
160,Colegio 2,Distrito 2,5,Hombre,12
161,Colegio 8,Distrito 8,4,Hombre,16
162,Colegio 9,Distrito 9,2,Hombre,10
163,Colegio 5,Distrito 5,2,Mujer,7
164,Colegio 6,Distrito 6,3,Hombre,16
165,Colegio 4,Distrito 4,3,Hombre,18
166,Colegio 2,Distrito 2,6,Hombre,9
167,Colegio 2,Distrito 2,3,Mujer,15
168,Colegio 9,Distrito 9,5,Hombre,12
169,Colegio 5,Distrito 5,5,Hombre,9
170,Colegio 3,Distrito 3,3,Hombre,12
171,Colegio 1,Distrito 1,2,Mujer,12
172,Colegio 8,Distrito 8,3,Mujer,7
173,Colegio 9,Distrito 9,1,Hombre,11
174,Colegio 6,Distrito 6,1,Mujer,14
175,Colegio 1,Distrito 1,4,Hombre,18
176,Colegio 10,Distrito 10,3,Hombre,10
177,Colegio 4,Distrito 4,2,Mujer,10
178,Colegio 3,Distrito 3,1,Hombre,18
179,Colegio 6,Distrito 6,3,Mujer,15
180,Colegio 9,Distrito 9,2,Mujer,11
181,Colegio 6,Distrito 6,2,Hombre,11
182,Colegio 6,Distrito 6,5,Mujer,14
183,Colegio 7,Distrito 7,1,Hombre,7
184,Colegio 8,Distrito 8,2,Hombre,9
185,Colegio 6,Distrito 6,5,Mujer,6
186,Colegio 1,Distrito 1,3,Mujer,14
187,Colegio 2,Distrito 2,2,Hombre,5
188,Colegio 1,Distrito 1,3,Hombre,9
189,Colegio 8,Distrito 8,2,Hombre,15
190,Colegio 9,Distrito 9,4,Hombre,13
191,Colegio 8,Distrito 8,5,Hombre,5
192,Colegio 10,Distrito 10,2,Hombre,11
193,Colegio 6,Distrito 6,3,Hombre,18
194,Colegio 2,Distrito 2,4,Mujer,15
195,Colegio 3,Distrito 3,1,Hombre,14
196,Colegio 7,Distrito 7,2,Hombre,6
197,Colegio 1,Distrito 1,3,Mujer,10
198,Colegio 10,Distrito 10,5,Hombre,6
199,Colegio 4,Distrito 4,1,Hombre,10
200,Colegio 9,Distrito 9,6,Hombre,12
201,Colegio 6,Distrito 6,5,Hombre,18
202,Colegio 4,Distrito 4,4,Hombre,5
203,Colegio 6,Distrito 6,3,Hombre,9
204,Colegio 1,Distrito 1,5,Mujer,12
205,Colegio 8,Distrito 8,3,Hombre,17
206,Colegio 7,Distrito 7,3,Mujer,12
207,Colegio 5,Distrito 5,3,Hombre,17
208,Colegio 8,Distrito 8,4,Hombre,13
209,Colegio 10,Distrito 10,1,Mujer,18
210,Colegio 8,Distrito 8,6,Mujer,9
211,Colegio 9,Distrito 9,4,Mujer,10
212,Colegio 10,Distrito 10,3,Hombre,5
213,Colegio 3,Distrito 3,4,Hombre,6
214,Colegio 7,Distrito 7,6,Hombre,7
215,Colegio 8,Distrito 8,4,Hombre,11
216,Colegio 3,Distrito 3,3,Mujer,15
217,Colegio 7,Distrito 7,4,Mujer,15
218,Colegio 5,Distrito 5,2,Mujer,8
219,Colegio 10,Distrito 10,3,Mujer,16
220,Colegio 3,Distrito 3,6,Hombre,18
221,Colegio 8,Distrito 8,1,Hombre,17
222,Colegio 4,Distrito 4,6,Mujer,5
223,Colegio 10,Distrito 10,1,Mujer,10
224,Colegio 5,Distrito 5,5,Mujer,9
225,Colegio 8,Distrito 8,1,Mujer,17
226,Colegio 8,Distrito 8,4,Mujer,11
227,Colegio 5,Distrito 5,5,Hombre,14
228,Colegio 4,Distrito 4,1,Hombre,18
229,Colegio 5,Distrito 5,1,Hombre,5
230,Colegio 8,Distrito 8,6,Hombre,10
231,Colegio 6,Distrito 6,4,Hombre,15
232,Colegio 4,Distrito 4,1,Hombre,18
233,Colegio 2,Distrito 2,1,Hombre,17
234,Colegio 9,Distrito 9,5,Mujer,8
235,Colegio 7,Distrito 7,4,Mujer,9
236,Colegio 7,Distrito 7,5,Mujer,16
237,Colegio 3,Distrito 3,3,Mujer,16
238,Colegio 3,Distrito 3,4,Hombre,10
239,Colegio 5,Distrito 5,5,Hombre,9
240,Colegio 4,Distrito 4,1,Mujer,6
241,Colegio 4,Distrito 4,3,Mujer,17
242,Colegio 5,Distrito 5,1,Mujer,5
243,Colegio 10,Distrito 10,2,Hombre,6
244,Colegio 2,Distrito 2,3,Hombre,15
245,Colegio 5,Distrito 5,6,Hombre,12
246,Colegio 1,Distrito 1,5,Mujer,6
247,Colegio 1,Distrito 1,6,Hombre,13
248,Colegio 10,Distrito 10,2,Mujer,15
249,Colegio 2,Distrito 2,2,Mujer,11
250,Colegio 1,Distrito 1,6,Mujer,15
251,Colegio 7,Distrito 7,6,Hombre,6
252,Colegio 10,Distrito 10,4,Mujer,8
253,Colegio 9,Distrito 9,2,Hombre,9
254,Colegio 7,Distrito 7,4,Mujer,7
255,Colegio 8,Distrito 8,5,Mujer,18
256,Colegio 1,Distrito 1,1,Hombre,16
257,Colegio 6,Distrito 6,5,Hombre,13
258,Colegio 2,Distrito 2,5,Hombre,16
259,Colegio 8,Distrito 8,4,Hombre,7
260,Colegio 1,Distrito 1,4,Mujer,16
261,Colegio 1,Distrito 1,4,Hombre,15
262,Colegio 9,Distrito 9,6,Hombre,16
263,Colegio 3,Distrito 3,4,Mujer,9
264,Colegio 7,Distrito 7,6,Hombre,17
265,Colegio 6,Distrito 6,1,Hombre,17
266,Colegio 3,Distrito 3,1,Mujer,14
267,Colegio 9,Distrito 9,3,Mujer,10
268,Colegio 4,Distrito 4,5,Mujer,9
269,Colegio 9,Distrito 9,5,Mujer,16
270,Colegio 1,Distrito 1,1,Mujer,9
271,Colegio 7,Distrito 7,1,Mujer,18
272,Colegio 5,Distrito 5,1,Mujer,16
273,Colegio 3,Distrito 3,5,Mujer,15
274,Colegio 10,Distrito 10,6,Mujer,13
275,Colegio 5,Distrito 5,3,Mujer,8
276,Colegio 7,Distrito 7,1,Hombre,6
277,Colegio 10,Distrito 10,1,Mujer,18
278,Colegio 10,Distrito 10,5,Hombre,11
279,Colegio 2,Distrito 2,6,Mujer,12
280,Colegio 2,Distrito 2,3,Hombre,9
281,Colegio 8,Distrito 8,2,Hombre,14
282,Colegio 5,Distrito 5,6,Mujer,6
283,Colegio 10,Distrito 10,1,Hombre,11
284,Colegio 3,Distrito 3,1,Mujer,10
285,Colegio 4,Distrito 4,3,Hombre,6
286,Colegio 4,Distrito 4,2,Mujer,7
287,Colegio 8,Distrito 8,6,Hombre,17
288,Colegio 7,Distrito 7,2,Hombre,14
289,Colegio 5,Distrito 5,3,Hombre,10
290,Colegio 1,Distrito 1,6,Mujer,17
291,Colegio 6,Distrito 6,2,Hombre,6
292,Colegio 2,Distrito 2,4,Mujer,7
293,Colegio 6,Distrito 6,5,Hombre,6
294,Colegio 9,Distrito 9,6,Mujer,15
295,Colegio 7,Distrito 7,4,Hombre,10
296,Colegio 10,Distrito 10,1,Mujer,17
297,Colegio 8,Distrito 8,4,Mujer,13
298,Colegio 1,Distrito 1,5,Hombre,9
299,Colegio 3,Distrito 3,4,Mujer,8
300,Colegio 7,Distrito 7,1,Hombre,9
301,Colegio 2,Distrito 2,3,Hombre,10
302,Colegio 3,Distrito 3,3,Mujer,13
303,Colegio 1,Distrito 1,4,Mujer,18
304,Colegio 5,Distrito 5,5,Mujer,10
305,Colegio 10,Distrito 10,3,Hombre,5
306,Colegio 5,Distrito 5,5,Mujer,17
307,Colegio 5,Distrito 5,6,Mujer,12
308,Colegio 2,Distrito 2,4,Hombre,10
309,Colegio 3,Distrito 3,5,Hombre,16
310,Colegio 7,Distrito 7,5,Mujer,15
311,Colegio 7,Distrito 7,5,Hombre,16
312,Colegio 1,Distrito 1,3,Mujer,7
313,Colegio 9,Distrito 9,2,Mujer,14
314,Colegio 6,Distrito 6,1,Mujer,12
315,Colegio 8,Distrito 8,3,Mujer,6
316,Colegio 6,Distrito 6,3,Mujer,7
317,Colegio 8,Distrito 8,4,Hombre,17
318,Colegio 10,Distrito 10,6,Hombre,15
319,Colegio 8,Distrito 8,2,Hombre,15
320,Colegio 5,Distrito 5,1,Mujer,7
321,Colegio 6,Distrito 6,6,Hombre,12
322,Colegio 7,Distrito 7,6,Hombre,17
323,Colegio 8,Distrito 8,4,Mujer,12
324,Colegio 4,Distrito 4,2,Hombre,8
325,Colegio 6,Distrito 6,2,Hombre,6
326,Colegio 9,Distrito 9,2,Mujer,12
327,Colegio 8,Distrito 8,4,Mujer,17
328,Colegio 8,Distrito 8,2,Hombre,6
329,Colegio 7,Distrito 7,1,Hombre,15
330,Colegio 6,Distrito 6,2,Mujer,15
331,Colegio 9,Distrito 9,6,Hombre,13
332,Colegio 6,Distrito 6,1,Mujer,14
333,Colegio 1,Distrito 1,5,Hombre,15
334,Colegio 9,Distrito 9,2,Hombre,7
335,Colegio 4,Distrito 4,6,Mujer,11
336,Colegio 4,Distrito 4,3,Hombre,6
337,Colegio 8,Distrito 8,1,Hombre,12
338,Colegio 6,Distrito 6,5,Hombre,13
339,Colegio 7,Distrito 7,4,Mujer,11
340,Colegio 9,Distrito 9,2,Mujer,16
341,Colegio 10,Distrito 10,1,Hombre,17
342,Colegio 5,Distrito 5,2,Mujer,11
343,Colegio 6,Distrito 6,5,Mujer,14
344,Colegio 6,Distrito 6,3,Mujer,14
345,Colegio 1,Distrito 1,4,Mujer,7
346,Colegio 7,Distrito 7,1,Mujer,13
347,Colegio 7,Distrito 7,5,Mujer,6
348,Colegio 3,Distrito 3,4,Hombre,9
349,Colegio 2,Distrito 2,5,Mujer,12
350,Colegio 6,Distrito 6,5,Hombre,8
351,Colegio 10,Distrito 10,1,Mujer,5
352,Colegio 7,Distrito 7,6,Mujer,12
353,Colegio 5,Distrito 5,1,Mujer,6
354,Colegio 10,Distrito 10,5,Hombre,14
355,Colegio 2,Distrito 2,1,Mujer,15
356,Colegio 9,Distrito 9,3,Hombre,8
357,Colegio 1,Distrito 1,5,Hombre,15
358,Colegio 1,Distrito 1,5,Hombre,17
359,Colegio 3,Distrito 3,6,Mujer,17
360,Colegio 3,Distrito 3,3,Mujer,17
361,Colegio 8,Distrito 8,6,Hombre,7
362,Colegio 3,Distrito 3,4,Hombre,6
363,Colegio 7,Distrito 7,2,Mujer,12
364,Colegio 9,Distrito 9,3,Mujer,16
365,Colegio 9,Distrito 9,2,Hombre,16
366,Colegio 6,Distrito 6,3,Mujer,13
367,Colegio 10,Distrito 10,5,Hombre,9
368,Colegio 6,Distrito 6,2,Hombre,10
369,Colegio 4,Distrito 4,3,Hombre,17
370,Colegio 2,Distrito 2,5,Mujer,9
371,Colegio 3,Distrito 3,2,Hombre,11
372,Colegio 3,Distrito 3,5,Hombre,13
373,Colegio 4,Distrito 4,5,Mujer,9
374,Colegio 8,Distrito 8,3,Mujer,17
375,Colegio 10,Distrito 10,2,Mujer,5
376,Colegio 7,Distrito 7,3,Mujer,18
377,Colegio 9,Distrito 9,5,Hombre,5
378,Colegio 5,Distrito 5,2,Hombre,18
379,Colegio 4,Distrito 4,2,Mujer,7
380,Colegio 7,Distrito 7,5,Hombre,9
381,Colegio 1,Distrito 1,2,Hombre,13
382,Colegio 5,Distrito 5,1,Mujer,12
383,Colegio 6,Distrito 6,6,Mujer,5
384,Colegio 6,Distrito 6,3,Mujer,8
385,Colegio 7,Distrito 7,1,Hombre,15
386,Colegio 9,Distrito 9,1,Mujer,9
387,Colegio 9,Distrito 9,3,Hombre,18
388,Colegio 3,Distrito 3,3,Hombre,5
389,Colegio 5,Distrito 5,1,Mujer,6
390,Colegio 1,Distrito 1,2,Hombre,13
391,Colegio 7,Distrito 7,3,Mujer,8
392,Colegio 1,Distrito 1,1,Mujer,14
393,Colegio 4,Distrito 4,5,Hombre,7
394,Colegio 2,Distrito 2,6,Hombre,16
395,Colegio 3,Distrito 3,5,Hombre,14
396,Colegio 6,Distrito 6,1,Mujer,5
397,Colegio 7,Distrito 7,2,Hombre,6
398,Colegio 7,Distrito 7,4,Hombre,5
399,Colegio 5,Distrito 5,1,Hombre,18
400,Colegio 2,Distrito 2,1,Hombre,7
401,Colegio 9,Distrito 9,3,Hombre,15
402,Colegio 10,Distrito 10,5,Mujer,6
403,Colegio 6,Distrito 6,4,Hombre,13
404,Colegio 7,Distrito 7,6,Hombre,10
405,Colegio 6,Distrito 6,2,Hombre,13
406,Colegio 1,Distrito 1,5,Mujer,5
407,Colegio 6,Distrito 6,1,Mujer,9
408,Colegio 2,Distrito 2,1,Mujer,13
409,Colegio 9,Distrito 9,2,Hombre,18
410,Colegio 6,Distrito 6,6,Hombre,16
411,Colegio 9,Distrito 9,2,Hombre,7
412,Colegio 7,Distrito 7,6,Hombre,5
413,Colegio 7,Distrito 7,3,Hombre,5
414,Colegio 8,Distrito 8,1,Mujer,15
415,Colegio 8,Distrito 8,4,Hombre,7
416,Colegio 9,Distrito 9,2,Hombre,8
417,Colegio 6,Distrito 6,4,Hombre,5
418,Colegio 9,Distrito 9,4,Mujer,13
419,Colegio 9,Distrito 9,1,Mujer,6
420,Colegio 7,Distrito 7,2,Mujer,12
421,Colegio 4,Distrito 4,4,Mujer,15
422,Colegio 1,Distrito 1,1,Hombre,10
423,Colegio 8,Distrito 8,2,Mujer,11
424,Colegio 3,Distrito 3,3,Hombre,11
425,Colegio 8,Distrito 8,1,Hombre,18
426,Colegio 7,Distrito 7,3,Hombre,7
427,Colegio 2,Distrito 2,6,Mujer,9
428,Colegio 7,Distrito 7,2,Mujer,11
429,Colegio 7,Distrito 7,5,Mujer,10
430,Colegio 9,Distrito 9,3,Mujer,14
431,Colegio 4,Distrito 4,2,Hombre,18
432,Colegio 4,Distrito 4,5,Mujer,12
433,Colegio 2,Distrito 2,3,Mujer,17
434,Colegio 1,Distrito 1,4,Hombre,7
435,Colegio 5,Distrito 5,6,Hombre,17
436,Colegio 9,Distrito 9,4,Hombre,12
437,Colegio 3,Distrito 3,5,Mujer,17
438,Colegio 7,Distrito 7,1,Hombre,8
439,Colegio 10,Distrito 10,4,Mujer,6
440,Colegio 6,Distrito 6,3,Mujer,16
441,Colegio 3,Distrito 3,3,Hombre,14
442,Colegio 4,Distrito 4,4,Hombre,7
443,Colegio 4,Distrito 4,6,Hombre,11
444,Colegio 2,Distrito 2,3,Hombre,11
445,Colegio 4,Distrito 4,5,Mujer,15
446,Colegio 2,Distrito 2,5,Mujer,17
447,Colegio 6,Distrito 6,3,Hombre,18
448,Colegio 10,Distrito 10,6,Hombre,8
449,Colegio 2,Distrito 2,4,Hombre,6
450,Colegio 7,Distrito 7,2,Hombre,10
451,Colegio 1,Distrito 1,1,Hombre,16
452,Colegio 6,Distrito 6,2,Mujer,7
453,Colegio 2,Distrito 2,5,Mujer,17
454,Colegio 7,Distrito 7,1,Mujer,5
455,Colegio 5,Distrito 5,2,Hombre,17
456,Colegio 7,Distrito 7,4,Hombre,5
457,Colegio 10,Distrito 10,3,Mujer,9
458,Colegio 9,Distrito 9,2,Hombre,14
459,Colegio 5,Distrito 5,3,Hombre,15
460,Colegio 5,Distrito 5,2,Mujer,13
461,Colegio 9,Distrito 9,5,Hombre,18
462,Colegio 10,Distrito 10,5,Mujer,8
463,Colegio 4,Distrito 4,1,Hombre,15
464,Colegio 2,Distrito 2,4,Hombre,11
465,Colegio 9,Distrito 9,4,Hombre,6
466,Colegio 3,Distrito 3,1,Hombre,12
467,Colegio 3,Distrito 3,3,Hombre,13
468,Colegio 6,Distrito 6,1,Hombre,12
469,Colegio 4,Distrito 4,4,Hombre,9
470,Colegio 7,Distrito 7,6,Hombre,14
471,Colegio 4,Distrito 4,6,Mujer,8
472,Colegio 3,Distrito 3,2,Mujer,5
473,Colegio 9,Distrito 9,6,Hombre,10
474,Colegio 6,Distrito 6,6,Mujer,15
475,Colegio 3,Distrito 3,5,Hombre,17
476,Colegio 1,Distrito 1,1,Mujer,6
477,Colegio 1,Distrito 1,2,Hombre,10
478,Colegio 8,Distrito 8,1,Mujer,5
479,Colegio 3,Distrito 3,6,Hombre,7
480,Colegio 6,Distrito 6,6,Mujer,6
481,Colegio 1,Distrito 1,5,Mujer,14
482,Colegio 3,Distrito 3,5,Hombre,8
483,Colegio 2,Distrito 2,4,Hombre,13
484,Colegio 8,Distrito 8,6,Hombre,10
485,Colegio 4,Distrito 4,3,Mujer,12
486,Colegio 2,Distrito 2,6,Hombre,8
487,Colegio 4,Distrito 4,5,Mujer,10
488,Colegio 5,Distrito 5,4,Hombre,16
489,Colegio 6,Distrito 6,4,Mujer,15
490,Colegio 1,Distrito 1,6,Hombre,14
491,Colegio 9,Distrito 9,1,Mujer,13
492,Colegio 3,Distrito 3,4,Mujer,13
493,Colegio 1,Distrito 1,4,Hombre,7
494,Colegio 10,Distrito 10,4,Mujer,13
495,Colegio 7,Distrito 7,3,Hombre,6
496,Colegio 8,Distrito 8,5,Mujer,16
497,Colegio 6,Distrito 6,5,Mujer,15
498,Colegio 8,Distrito 8,1,Hombre,13
499,Colegio 5,Distrito 5,3,Hombre,12
500,Colegio 4,Distrito 4,3,Hombre,15
501,Colegio 10,Distrito 10,5,Mujer,5
502,Colegio 8,Distrito 8,1,Hombre,11
503,Colegio 8,Distrito 8,4,Mujer,7
504,Colegio 1,Distrito 1,6,Mujer,12
505,Colegio 9,Distrito 9,3,Mujer,11
506,Colegio 4,Distrito 4,2,Mujer,7
507,Colegio 4,Distrito 4,3,Mujer,15
508,Colegio 4,Distrito 4,3,Hombre,11
509,Colegio 2,Distrito 2,1,Hombre,11
510,Colegio 9,Distrito 9,3,Mujer,13
511,Colegio 10,Distrito 10,1,Mujer,8
512,Colegio 6,Distrito 6,6,Hombre,6
513,Colegio 10,Distrito 10,6,Hombre,18
514,Colegio 6,Distrito 6,3,Mujer,14
515,Colegio 5,Distrito 5,5,Hombre,18
516,Colegio 4,Distrito 4,4,Hombre,8
517,Colegio 3,Distrito 3,6,Hombre,11
518,Colegio 9,Distrito 9,2,Hombre,12
519,Colegio 4,Distrito 4,1,Mujer,17
520,Colegio 7,Distrito 7,3,Hombre,17
521,Colegio 7,Distrito 7,6,Mujer,7
522,Colegio 5,Distrito 5,3,Hombre,6
523,Colegio 4,Distrito 4,4,Mujer,12
524,Colegio 8,Distrito 8,3,Hombre,9
525,Colegio 1,Distrito 1,3,Hombre,17
526,Colegio 1,Distrito 1,1,Mujer,6
527,Colegio 7,Distrito 7,1,Mujer,6
528,Colegio 10,Distrito 10,2,Mujer,11
529,Colegio 6,Distrito 6,2,Hombre,11
530,Colegio 4,Distrito 4,2,Hombre,11
531,Colegio 1,Distrito 1,6,Hombre,16
532,Colegio 5,Distrito 5,4,Mujer,16
533,Colegio 9,Distrito 9,4,Mujer,7
534,Colegio 4,Distrito 4,6,Mujer,8
535,Colegio 9,Distrito 9,1,Hombre,14
536,Colegio 1,Distrito 1,2,Hombre,10
537,Colegio 8,Distrito 8,3,Hombre,8
538,Colegio 4,Distrito 4,4,Mujer,13
539,Colegio 1,Distrito 1,3,Hombre,14
540,Colegio 6,Distrito 6,4,Hombre,11
541,Colegio 3,Distrito 3,6,Hombre,16
542,Colegio 4,Distrito 4,6,Mujer,12
543,Colegio 1,Distrito 1,3,Mujer,18
544,Colegio 3,Distrito 3,2,Hombre,18
545,Colegio 4,Distrito 4,4,Mujer,15
546,Colegio 5,Distrito 5,5,Hombre,13
547,Colegio 7,Distrito 7,3,Hombre,18
548,Colegio 6,Distrito 6,1,Mujer,16
549,Colegio 4,Distrito 4,3,Mujer,12
550,Colegio 9,Distrito 9,2,Mujer,13
551,Colegio 1,Distrito 1,5,Hombre,13
552,Colegio 1,Distrito 1,4,Mujer,6
553,Colegio 9,Distrito 9,3,Mujer,10
554,Colegio 2,Distrito 2,2,Hombre,9
555,Colegio 5,Distrito 5,2,Hombre,10
556,Colegio 8,Distrito 8,6,Hombre,17
557,Colegio 7,Distrito 7,5,Mujer,8
558,Colegio 1,Distrito 1,5,Hombre,7
559,Colegio 1,Distrito 1,1,Hombre,10
560,Colegio 2,Distrito 2,6,Hombre,13
561,Colegio 7,Distrito 7,4,Mujer,14
562,Colegio 4,Distrito 4,2,Hombre,7
563,Colegio 3,Distrito 3,2,Mujer,17
564,Colegio 7,Distrito 7,4,Mujer,18
565,Colegio 7,Distrito 7,5,Mujer,12
566,Colegio 4,Distrito 4,5,Hombre,17
567,Colegio 7,Distrito 7,3,Mujer,17
568,Colegio 2,Distrito 2,4,Mujer,10
569,Colegio 9,Distrito 9,1,Hombre,10
570,Colegio 10,Distrito 10,4,Hombre,8
571,Colegio 4,Distrito 4,3,Hombre,15
572,Colegio 4,Distrito 4,3,Hombre,9
573,Colegio 2,Distrito 2,6,Mujer,10
574,Colegio 9,Distrito 9,5,Mujer,11
575,Colegio 1,Distrito 1,4,Mujer,17
576,Colegio 7,Distrito 7,6,Hombre,12
577,Colegio 3,Distrito 3,1,Hombre,12
578,Colegio 9,Distrito 9,6,Hombre,16
579,Colegio 9,Distrito 9,1,Hombre,17
580,Colegio 4,Distrito 4,6,Mujer,11
581,Colegio 4,Distrito 4,1,Hombre,9
582,Colegio 2,Distrito 2,1,Mujer,15
583,Colegio 5,Distrito 5,6,Hombre,12
584,Colegio 4,Distrito 4,4,Mujer,13
585,Colegio 1,Distrito 1,3,Mujer,7
586,Colegio 7,Distrito 7,3,Hombre,11
587,Colegio 2,Distrito 2,6,Mujer,16
588,Colegio 5,Distrito 5,6,Mujer,9
589,Colegio 1,Distrito 1,3,Mujer,9
590,Colegio 10,Distrito 10,2,Hombre,17
591,Colegio 8,Distrito 8,2,Hombre,11
592,Colegio 2,Distrito 2,6,Hombre,11
593,Colegio 6,Distrito 6,4,Hombre,10
594,Colegio 10,Distrito 10,3,Mujer,15
595,Colegio 9,Distrito 9,3,Hombre,13
596,Colegio 4,Distrito 4,4,Mujer,18
597,Colegio 8,Distrito 8,4,Hombre,12
598,Colegio 9,Distrito 9,2,Hombre,6
599,Colegio 8,Distrito 8,2,Mujer,16
600,Colegio 10,Distrito 10,1,Hombre,10
601,Colegio 5,Distrito 5,4,Mujer,14
602,Colegio 10,Distrito 10,3,Hombre,8
603,Colegio 7,Distrito 7,2,Hombre,5
604,Colegio 3,Distrito 3,6,Hombre,15
605,Colegio 8,Distrito 8,6,Hombre,7
606,Colegio 2,Distrito 2,2,Hombre,11
607,Colegio 8,Distrito 8,6,Hombre,7
608,Colegio 8,Distrito 8,5,Hombre,8
609,Colegio 9,Distrito 9,1,Mujer,7
610,Colegio 6,Distrito 6,4,Mujer,5
611,Colegio 8,Distrito 8,5,Hombre,9
612,Colegio 6,Distrito 6,5,Mujer,12
613,Colegio 10,Distrito 10,6,Mujer,12
614,Colegio 2,Distrito 2,6,Hombre,17
615,Colegio 2,Distrito 2,3,Mujer,6
616,Colegio 4,Distrito 4,1,Hombre,11
617,Colegio 6,Distrito 6,2,Hombre,16
618,Colegio 2,Distrito 2,4,Hombre,11
619,Colegio 5,Distrito 5,6,Hombre,15
620,Colegio 1,Distrito 1,3,Hombre,17
621,Colegio 8,Distrito 8,5,Mujer,14
622,Colegio 8,Distrito 8,4,Mujer,10
623,Colegio 3,Distrito 3,3,Mujer,15
624,Colegio 6,Distrito 6,5,Mujer,10
625,Colegio 9,Distrito 9,5,Mujer,18
626,Colegio 1,Distrito 1,5,Mujer,17
627,Colegio 2,Distrito 2,5,Mujer,7
628,Colegio 4,Distrito 4,1,Hombre,12
629,Colegio 5,Distrito 5,2,Hombre,5
630,Colegio 9,Distrito 9,1,Mujer,16
631,Colegio 3,Distrito 3,3,Hombre,6
632,Colegio 4,Distrito 4,4,Hombre,6
633,Colegio 8,Distrito 8,1,Mujer,13
634,Colegio 3,Distrito 3,2,Hombre,17
635,Colegio 4,Distrito 4,3,Mujer,16
636,Colegio 6,Distrito 6,2,Mujer,9
637,Colegio 9,Distrito 9,1,Mujer,17
638,Colegio 5,Distrito 5,1,Mujer,5
639,Colegio 6,Distrito 6,6,Mujer,12
640,Colegio 4,Distrito 4,3,Hombre,12
641,Colegio 3,Distrito 3,2,Hombre,5
642,Colegio 6,Distrito 6,1,Mujer,6
643,Colegio 10,Distrito 10,4,Hombre,13
644,Colegio 6,Distrito 6,3,Hombre,12
645,Colegio 5,Distrito 5,3,Hombre,6
646,Colegio 6,Distrito 6,6,Hombre,14
647,Colegio 1,Distrito 1,2,Mujer,8
648,Colegio 8,Distrito 8,2,Mujer,7
649,Colegio 4,Distrito 4,4,Mujer,14
650,Colegio 7,Distrito 7,2,Mujer,5
651,Colegio 6,Distrito 6,6,Mujer,6
652,Colegio 6,Distrito 6,4,Hombre,8
653,Colegio 9,Distrito 9,5,Mujer,7
654,Colegio 4,Distrito 4,6,Mujer,13
655,Colegio 9,Distrito 9,3,Hombre,15
656,Colegio 8,Distrito 8,3,Hombre,16
657,Colegio 4,Distrito 4,5,Mujer,13
658,Colegio 4,Distrito 4,4,Hombre,11
659,Colegio 8,Distrito 8,2,Mujer,16
660,Colegio 5,Distrito 5,2,Hombre,8
661,Colegio 4,Distrito 4,5,Hombre,17
662,Colegio 2,Distrito 2,5,Hombre,16
663,Colegio 4,Distrito 4,2,Hombre,5
664,Colegio 8,Distrito 8,4,Mujer,15
665,Colegio 7,Distrito 7,1,Hombre,7
666,Colegio 10,Distrito 10,1,Hombre,11
667,Colegio 10,Distrito 10,6,Mujer,8
668,Colegio 3,Distrito 3,6,Mujer,15
669,Colegio 2,Distrito 2,1,Mujer,11
670,Colegio 6,Distrito 6,1,Hombre,12
671,Colegio 10,Distrito 10,4,Mujer,5
672,Colegio 10,Distrito 10,2,Mujer,16
673,Colegio 8,Distrito 8,5,Hombre,9
674,Colegio 7,Distrito 7,3,Mujer,18
675,Colegio 5,Distrito 5,5,Hombre,5
676,Colegio 3,Distrito 3,5,Hombre,11
677,Colegio 10,Distrito 10,6,Hombre,8
678,Colegio 9,Distrito 9,1,Mujer,11
679,Colegio 5,Distrito 5,1,Mujer,15
680,Colegio 6,Distrito 6,6,Hombre,9
681,Colegio 2,Distrito 2,3,Mujer,17
682,Colegio 7,Distrito 7,2,Mujer,16
683,Colegio 8,Distrito 8,5,Mujer,9
684,Colegio 10,Distrito 10,4,Hombre,17
685,Colegio 10,Distrito 10,4,Hombre,14
686,Colegio 5,Distrito 5,6,Hombre,12
687,Colegio 1,Distrito 1,2,Hombre,6
688,Colegio 1,Distrito 1,1,Hombre,14
689,Colegio 8,Distrito 8,3,Mujer,7
690,Colegio 5,Distrito 5,5,Mujer,8
691,Colegio 9,Distrito 9,1,Mujer,11
692,Colegio 6,Distrito 6,4,Hombre,5
693,Colegio 3,Distrito 3,2,Mujer,6
694,Colegio 2,Distrito 2,5,Mujer,13
695,Colegio 10,Distrito 10,3,Hombre,5
696,Colegio 8,Distrito 8,1,Hombre,6
697,Colegio 6,Distrito 6,5,Hombre,13
698,Colegio 1,Distrito 1,6,Hombre,9
699,Colegio 10,Distrito 10,4,Hombre,9
700,Colegio 6,Distrito 6,6,Mujer,9
701,Colegio 6,Distrito 6,1,Mujer,8
702,Colegio 1,Distrito 1,6,Mujer,15
703,Colegio 4,Distrito 4,1,Mujer,6
704,Colegio 2,Distrito 2,5,Hombre,6
705,Colegio 5,Distrito 5,1,Hombre,10
706,Colegio 9,Distrito 9,3,Hombre,10
707,Colegio 8,Distrito 8,6,Mujer,13
708,Colegio 3,Distrito 3,5,Hombre,5
709,Colegio 5,Distrito 5,1,Hombre,7
710,Colegio 8,Distrito 8,4,Mujer,14
711,Colegio 1,Distrito 1,3,Hombre,5
712,Colegio 4,Distrito 4,6,Hombre,12
713,Colegio 4,Distrito 4,5,Hombre,10
714,Colegio 10,Distrito 10,3,Mujer,16
715,Colegio 8,Distrito 8,1,Hombre,9
716,Colegio 2,Distrito 2,5,Hombre,16
717,Colegio 9,Distrito 9,3,Mujer,6
718,Colegio 1,Distrito 1,5,Mujer,9
719,Colegio 3,Distrito 3,1,Hombre,14
720,Colegio 9,Distrito 9,1,Mujer,6
721,Colegio 10,Distrito 10,5,Mujer,15
722,Colegio 7,Distrito 7,3,Mujer,6
723,Colegio 8,Distrito 8,2,Hombre,5
724,Colegio 7,Distrito 7,5,Mujer,5
725,Colegio 7,Distrito 7,4,Hombre,17
726,Colegio 4,Distrito 4,2,Mujer,17
727,Colegio 1,Distrito 1,6,Mujer,10
728,Colegio 7,Distrito 7,3,Hombre,18
729,Colegio 2,Distrito 2,2,Hombre,12
730,Colegio 2,Distrito 2,2,Mujer,17
731,Colegio 8,Distrito 8,1,Hombre,17
732,Colegio 8,Distrito 8,3,Hombre,9
733,Colegio 9,Distrito 9,3,Hombre,14
734,Colegio 9,Distrito 9,1,Mujer,15
735,Colegio 5,Distrito 5,4,Mujer,5
736,Colegio 3,Distrito 3,5,Mujer,9
737,Colegio 6,Distrito 6,2,Mujer,15
738,Colegio 10,Distrito 10,5,Hombre,15
739,Colegio 9,Distrito 9,1,Hombre,8
740,Colegio 8,Distrito 8,3,Hombre,18
741,Colegio 7,Distrito 7,6,Hombre,17
742,Colegio 2,Distrito 2,4,Hombre,11
743,Colegio 5,Distrito 5,6,Mujer,12
744,Colegio 2,Distrito 2,3,Hombre,8
745,Colegio 4,Distrito 4,2,Mujer,17
746,Colegio 3,Distrito 3,5,Hombre,8
747,Colegio 4,Distrito 4,4,Hombre,7
748,Colegio 3,Distrito 3,5,Mujer,17
749,Colegio 9,Distrito 9,6,Hombre,9
750,Colegio 5,Distrito 5,1,Mujer,17
751,Colegio 8,Distrito 8,4,Mujer,13
752,Colegio 4,Distrito 4,3,Mujer,10
753,Colegio 7,Distrito 7,5,Hombre,6
754,Colegio 2,Distrito 2,4,Hombre,7
755,Colegio 7,Distrito 7,2,Hombre,14
756,Colegio 6,Distrito 6,6,Mujer,14
757,Colegio 9,Distrito 9,2,Mujer,18
758,Colegio 5,Distrito 5,6,Hombre,16
759,Colegio 3,Distrito 3,5,Hombre,13
760,Colegio 10,Distrito 10,1,Hombre,7
761,Colegio 8,Distrito 8,5,Hombre,16
762,Colegio 9,Distrito 9,2,Hombre,16
763,Colegio 8,Distrito 8,1,Mujer,14
764,Colegio 4,Distrito 4,1,Mujer,6
765,Colegio 7,Distrito 7,5,Mujer,5
766,Colegio 8,Distrito 8,5,Hombre,15
767,Colegio 10,Distrito 10,4,Hombre,12
768,Colegio 7,Distrito 7,4,Hombre,17
769,Colegio 7,Distrito 7,1,Mujer,14
770,Colegio 3,Distrito 3,2,Hombre,18
771,Colegio 1,Distrito 1,6,Mujer,15
772,Colegio 5,Distrito 5,4,Hombre,11
773,Colegio 5,Distrito 5,6,Mujer,8
774,Colegio 3,Distrito 3,3,Mujer,9
775,Colegio 7,Distrito 7,1,Mujer,9
776,Colegio 4,Distrito 4,1,Hombre,9
777,Colegio 9,Distrito 9,2,Hombre,18
778,Colegio 10,Distrito 10,2,Mujer,7
779,Colegio 1,Distrito 1,2,Hombre,18
780,Colegio 6,Distrito 6,3,Hombre,16
781,Colegio 1,Distrito 1,3,Mujer,10
782,Colegio 3,Distrito 3,4,Mujer,12
783,Colegio 6,Distrito 6,1,Mujer,7
784,Colegio 3,Distrito 3,4,Mujer,18
785,Colegio 1,Distrito 1,4,Mujer,12
786,Colegio 5,Distrito 5,1,Mujer,15
787,Colegio 9,Distrito 9,1,Hombre,9
788,Colegio 4,Distrito 4,6,Hombre,8
789,Colegio 5,Distrito 5,5,Hombre,18
790,Colegio 3,Distrito 3,4,Mujer,9
791,Colegio 9,Distrito 9,3,Mujer,17
792,Colegio 6,Distrito 6,3,Hombre,7
793,Colegio 4,Distrito 4,5,Hombre,13
794,Colegio 8,Distrito 8,3,Mujer,14
795,Colegio 8,Distrito 8,6,Mujer,8
796,Colegio 1,Distrito 1,2,Hombre,15
797,Colegio 3,Distrito 3,2,Mujer,18
798,Colegio 10,Distrito 10,5,Hombre,18
799,Colegio 3,Distrito 3,1,Mujer,10
800,Colegio 3,Distrito 3,1,Mujer,14
801,Colegio 2,Distrito 2,6,Mujer,17
802,Colegio 7,Distrito 7,3,Hombre,18
803,Colegio 3,Distrito 3,6,Mujer,5
804,Colegio 10,Distrito 10,2,Hombre,5
805,Colegio 2,Distrito 2,3,Mujer,6
806,Colegio 9,Distrito 9,4,Mujer,13
807,Colegio 9,Distrito 9,3,Mujer,7
808,Colegio 8,Distrito 8,5,Mujer,9
809,Colegio 10,Distrito 10,3,Mujer,17
810,Colegio 10,Distrito 10,2,Hombre,16
811,Colegio 1,Distrito 1,4,Hombre,12
812,Colegio 4,Distrito 4,5,Mujer,9
813,Colegio 7,Distrito 7,4,Mujer,14
814,Colegio 9,Distrito 9,6,Hombre,7
815,Colegio 1,Distrito 1,6,Hombre,6
816,Colegio 8,Distrito 8,2,Hombre,18
817,Colegio 9,Distrito 9,3,Mujer,15
818,Colegio 3,Distrito 3,2,Hombre,13
819,Colegio 1,Distrito 1,2,Mujer,12
820,Colegio 3,Distrito 3,2,Mujer,16
821,Colegio 4,Distrito 4,6,Mujer,18
822,Colegio 1,Distrito 1,2,Hombre,11
823,Colegio 5,Distrito 5,2,Mujer,13
824,Colegio 8,Distrito 8,2,Hombre,5
825,Colegio 5,Distrito 5,5,Hombre,6
826,Colegio 1,Distrito 1,2,Mujer,15
827,Colegio 10,Distrito 10,5,Mujer,15
828,Colegio 6,Distrito 6,5,Hombre,6
829,Colegio 7,Distrito 7,1,Mujer,7
830,Colegio 2,Distrito 2,2,Hombre,8
831,Colegio 10,Distrito 10,2,Hombre,18
832,Colegio 7,Distrito 7,3,Hombre,9
833,Colegio 9,Distrito 9,6,Hombre,17
834,Colegio 8,Distrito 8,2,Hombre,15
835,Colegio 8,Distrito 8,5,Hombre,15
836,Colegio 8,Distrito 8,2,Hombre,6
837,Colegio 5,Distrito 5,1,Hombre,12
838,Colegio 5,Distrito 5,2,Hombre,12
839,Colegio 3,Distrito 3,4,Mujer,9
840,Colegio 2,Distrito 2,2,Hombre,10
841,Colegio 5,Distrito 5,3,Hombre,16
842,Colegio 9,Distrito 9,2,Mujer,5
843,Colegio 3,Distrito 3,6,Hombre,13
844,Colegio 7,Distrito 7,3,Mujer,12
845,Colegio 10,Distrito 10,4,Mujer,15
846,Colegio 8,Distrito 8,1,Mujer,17
847,Colegio 7,Distrito 7,1,Hombre,5
848,Colegio 5,Distrito 5,5,Mujer,12
849,Colegio 4,Distrito 4,5,Hombre,9
850,Colegio 2,Distrito 2,2,Hombre,13
851,Colegio 2,Distrito 2,1,Hombre,11
852,Colegio 10,Distrito 10,4,Mujer,13
853,Colegio 10,Distrito 10,4,Hombre,9
854,Colegio 7,Distrito 7,2,Hombre,16
855,Colegio 7,Distrito 7,1,Hombre,6
856,Colegio 2,Distrito 2,1,Hombre,8
857,Colegio 4,Distrito 4,6,Mujer,15
858,Colegio 1,Distrito 1,4,Mujer,8
859,Colegio 4,Distrito 4,6,Mujer,8
860,Colegio 8,Distrito 8,2,Mujer,6
861,Colegio 6,Distrito 6,3,Mujer,6
862,Colegio 3,Distrito 3,3,Mujer,14
863,Colegio 10,Distrito 10,2,Mujer,17
864,Colegio 9,Distrito 9,3,Mujer,6
865,Colegio 8,Distrito 8,6,Hombre,9
866,Colegio 1,Distrito 1,6,Mujer,7
867,Colegio 9,Distrito 9,6,Hombre,9
868,Colegio 5,Distrito 5,6,Mujer,10
869,Colegio 5,Distrito 5,1,Hombre,8
870,Colegio 2,Distrito 2,1,Mujer,12
871,Colegio 9,Distrito 9,4,Mujer,18
872,Colegio 10,Distrito 10,2,Hombre,15
873,Colegio 2,Distrito 2,4,Mujer,13
874,Colegio 6,Distrito 6,4,Hombre,12
875,Colegio 1,Distrito 1,2,Mujer,17
876,Colegio 5,Distrito 5,2,Mujer,17
877,Colegio 8,Distrito 8,6,Hombre,8
878,Colegio 1,Distrito 1,4,Hombre,9
879,Colegio 9,Distrito 9,1,Mujer,17
880,Colegio 8,Distrito 8,4,Mujer,8
881,Colegio 5,Distrito 5,4,Hombre,8
882,Colegio 1,Distrito 1,3,Mujer,14
883,Colegio 1,Distrito 1,3,Hombre,9
884,Colegio 2,Distrito 2,6,Hombre,9
885,Colegio 6,Distrito 6,3,Hombre,11
886,Colegio 5,Distrito 5,5,Hombre,16
887,Colegio 6,Distrito 6,4,Mujer,18
888,Colegio 1,Distrito 1,3,Mujer,18
889,Colegio 10,Distrito 10,6,Mujer,14
890,Colegio 4,Distrito 4,2,Mujer,18
891,Colegio 4,Distrito 4,4,Hombre,8
892,Colegio 10,Distrito 10,1,Hombre,6
893,Colegio 5,Distrito 5,2,Mujer,12
894,Colegio 1,Distrito 1,6,Hombre,14
895,Colegio 6,Distrito 6,2,Mujer,7
896,Colegio 6,Distrito 6,4,Mujer,15
897,Colegio 3,Distrito 3,1,Mujer,12
898,Colegio 5,Distrito 5,3,Mujer,7
899,Colegio 5,Distrito 5,6,Hombre,13
900,Colegio 4,Distrito 4,3,Hombre,13
901,Colegio 5,Distrito 5,6,Hombre,17
902,Colegio 7,Distrito 7,4,Mujer,13
903,Colegio 3,Distrito 3,1,Hombre,15
904,Colegio 6,Distrito 6,5,Hombre,17
905,Colegio 4,Distrito 4,4,Mujer,10
906,Colegio 8,Distrito 8,3,Mujer,12
907,Colegio 10,Distrito 10,5,Hombre,13
908,Colegio 4,Distrito 4,5,Mujer,13
909,Colegio 6,Distrito 6,1,Hombre,16
910,Colegio 8,Distrito 8,1,Hombre,11
911,Colegio 4,Distrito 4,1,Mujer,10
912,Colegio 1,Distrito 1,6,Hombre,10
913,Colegio 5,Distrito 5,5,Hombre,10
914,Colegio 4,Distrito 4,6,Mujer,15
915,Colegio 3,Distrito 3,6,Hombre,15
916,Colegio 4,Distrito 4,5,Hombre,15
917,Colegio 9,Distrito 9,3,Mujer,6
918,Colegio 2,Distrito 2,4,Mujer,5
919,Colegio 8,Distrito 8,6,Hombre,6
920,Colegio 1,Distrito 1,1,Hombre,12
921,Colegio 2,Distrito 2,2,Mujer,15
922,Colegio 2,Distrito 2,2,Hombre,16
923,Colegio 7,Distrito 7,5,Hombre,15
924,Colegio 2,Distrito 2,2,Hombre,17
925,Colegio 6,Distrito 6,6,Hombre,17
926,Colegio 5,Distrito 5,3,Hombre,11
927,Colegio 2,Distrito 2,3,Hombre,5
928,Colegio 3,Distrito 3,1,Mujer,12
929,Colegio 2,Distrito 2,4,Hombre,8
930,Colegio 10,Distrito 10,1,Hombre,9
931,Colegio 2,Distrito 2,4,Mujer,13
932,Colegio 7,Distrito 7,4,Hombre,11
933,Colegio 5,Distrito 5,5,Hombre,10
934,Colegio 5,Distrito 5,4,Hombre,12
935,Colegio 4,Distrito 4,5,Hombre,11
936,Colegio 7,Distrito 7,1,Mujer,17
937,Colegio 10,Distrito 10,2,Mujer,6
938,Colegio 3,Distrito 3,5,Mujer,5
939,Colegio 7,Distrito 7,4,Mujer,6
940,Colegio 10,Distrito 10,1,Mujer,5
941,Colegio 6,Distrito 6,2,Hombre,7
942,Colegio 4,Distrito 4,1,Mujer,12
943,Colegio 1,Distrito 1,5,Mujer,12
944,Colegio 7,Distrito 7,6,Hombre,10
945,Colegio 8,Distrito 8,6,Hombre,17
946,Colegio 6,Distrito 6,3,Hombre,5
947,Colegio 2,Distrito 2,6,Mujer,8
948,Colegio 3,Distrito 3,4,Hombre,11
949,Colegio 5,Distrito 5,1,Mujer,5
950,Colegio 9,Distrito 9,5,Hombre,9
951,Colegio 4,Distrito 4,3,Mujer,7
952,Colegio 5,Distrito 5,1,Mujer,6
953,Colegio 2,Distrito 2,5,Hombre,15
954,Colegio 3,Distrito 3,4,Mujer,17
955,Colegio 6,Distrito 6,6,Hombre,17
956,Colegio 7,Distrito 7,6,Hombre,14
957,Colegio 1,Distrito 1,1,Mujer,14
958,Colegio 4,Distrito 4,3,Hombre,6
959,Colegio 3,Distrito 3,3,Mujer,10
960,Colegio 5,Distrito 5,3,Hombre,13
961,Colegio 4,Distrito 4,4,Hombre,16
962,Colegio 9,Distrito 9,6,Mujer,8
963,Colegio 3,Distrito 3,6,Hombre,5
964,Colegio 1,Distrito 1,4,Hombre,12
965,Colegio 10,Distrito 10,6,Hombre,10
966,Colegio 3,Distrito 3,1,Mujer,15
967,Colegio 9,Distrito 9,6,Mujer,17
968,Colegio 4,Distrito 4,6,Hombre,18
969,Colegio 2,Distrito 2,4,Mujer,17
970,Colegio 10,Distrito 10,6,Mujer,10
971,Colegio 7,Distrito 7,2,Hombre,9
972,Colegio 4,Distrito 4,1,Mujer,6
973,Colegio 7,Distrito 7,2,Hombre,7
974,Colegio 1,Distrito 1,5,Mujer,8
975,Colegio 3,Distrito 3,2,Hombre,17
976,Colegio 9,Distrito 9,4,Mujer,17
977,Colegio 5,Distrito 5,5,Mujer,17
978,Colegio 6,Distrito 6,2,Mujer,17
979,Colegio 10,Distrito 10,4,Mujer,16
980,Colegio 6,Distrito 6,1,Hombre,13
981,Colegio 7,Distrito 7,1,Hombre,10
982,Colegio 7,Distrito 7,4,Mujer,12
983,Colegio 9,Distrito 9,2,Mujer,14
984,Colegio 8,Distrito 8,3,Hombre,5
985,Colegio 8,Distrito 8,6,Hombre,6
986,Colegio 2,Distrito 2,3,Hombre,16
987,Colegio 10,Distrito 10,5,Mujer,10
988,Colegio 3,Distrito 3,1,Mujer,11
989,Colegio 7,Distrito 7,5,Mujer,9
990,Colegio 8,Distrito 8,4,Hombre,17
991,Colegio 4,Distrito 4,3,Hombre,7
992,Colegio 7,Distrito 7,2,Hombre,7
993,Colegio 5,Distrito 5,3,Mujer,16
994,Colegio 4,Distrito 4,5,Mujer,9
995,Colegio 9,Distrito 9,3,Hombre,8
996,Colegio 2,Distrito 2,2,Hombre,15
997,Colegio 8,Distrito 8,1,Hombre,12
998,Colegio 6,Distrito 6,1,Mujer,14
999,Colegio 6,Distrito 6,5,Mujer,6
1000,Colegio 6,Distrito 6,5,Hombre,7
1001,Colegio 10,Distrito 10,6,Mujer,18
1002,Colegio 7,Distrito 7,2,Mujer,7
1003,Colegio 5,Distrito 5,5,Mujer,11
1004,Colegio 4,Distrito 4,5,Hombre,18
1005,Colegio 4,Distrito 4,2,Mujer,17
1006,Colegio 1,Distrito 1,5,Mujer,11
1007,Colegio 10,Distrito 10,3,Hombre,10
1008,Colegio 10,Distrito 10,1,Hombre,7
1009,Colegio 6,Distrito 6,3,Hombre,11
1010,Colegio 3,Distrito 3,5,Mujer,14
1011,Colegio 2,Distrito 2,3,Mujer,12
1012,Colegio 4,Distrito 4,5,Mujer,5
1013,Colegio 10,Distrito 10,3,Hombre,5
1014,Colegio 9,Distrito 9,5,Mujer,17
1015,Colegio 10,Distrito 10,6,Hombre,17
1016,Colegio 9,Distrito 9,6,Hombre,16
1017,Colegio 6,Distrito 6,4,Hombre,12
1018,Colegio 4,Distrito 4,5,Hombre,6
1019,Colegio 2,Distrito 2,4,Hombre,8
1020,Colegio 2,Distrito 2,6,Mujer,6
1021,Colegio 10,Distrito 10,5,Hombre,8
1022,Colegio 7,Distrito 7,5,Mujer,17
1023,Colegio 6,Distrito 6,3,Hombre,10
1024,Colegio 4,Distrito 4,2,Mujer,5
1025,Colegio 4,Distrito 4,5,Mujer,10
1026,Colegio 4,Distrito 4,1,Hombre,5
1027,Colegio 5,Distrito 5,6,Hombre,12
1028,Colegio 3,Distrito 3,3,Hombre,8
1029,Colegio 3,Distrito 3,5,Hombre,9
1030,Colegio 8,Distrito 8,6,Hombre,15
1031,Colegio 3,Distrito 3,4,Hombre,7
1032,Colegio 5,Distrito 5,6,Mujer,10
1033,Colegio 8,Distrito 8,3,Hombre,17
1034,Colegio 2,Distrito 2,1,Mujer,8
1035,Colegio 7,Distrito 7,3,Mujer,15
1036,Colegio 6,Distrito 6,1,Hombre,5
1037,Colegio 7,Distrito 7,5,Mujer,11
1038,Colegio 10,Distrito 10,4,Mujer,14
1039,Colegio 8,Distrito 8,1,Hombre,9
1040,Colegio 2,Distrito 2,6,Hombre,12
1041,Colegio 3,Distrito 3,1,Hombre,16
1042,Colegio 7,Distrito 7,3,Mujer,18
1043,Colegio 3,Distrito 3,3,Hombre,15
1044,Colegio 3,Distrito 3,1,Mujer,16
1045,Colegio 2,Distrito 2,4,Hombre,5
1046,Colegio 2,Distrito 2,1,Mujer,9
1047,Colegio 9,Distrito 9,2,Hombre,10
1048,Colegio 10,Distrito 10,6,Mujer,7
1049,Colegio 5,Distrito 5,4,Mujer,12
1050,Colegio 1,Distrito 1,3,Hombre,5
1051,Colegio 10,Distrito 10,4,Hombre,15
1052,Colegio 10,Distrito 10,4,Mujer,14
1053,Colegio 9,Distrito 9,5,Mujer,10
1054,Colegio 2,Distrito 2,5,Hombre,16
1055,Colegio 5,Distrito 5,2,Hombre,8
1056,Colegio 7,Distrito 7,1,Mujer,16
1057,Colegio 6,Distrito 6,3,Hombre,17
1058,Colegio 3,Distrito 3,1,Hombre,17
1059,Colegio 3,Distrito 3,6,Mujer,6
1060,Colegio 5,Distrito 5,4,Mujer,8
1061,Colegio 3,Distrito 3,1,Mujer,14
1062,Colegio 3,Distrito 3,3,Mujer,11
1063,Colegio 3,Distrito 3,4,Mujer,15
1064,Colegio 10,Distrito 10,5,Hombre,8
1065,Colegio 5,Distrito 5,1,Mujer,14
1066,Colegio 9,Distrito 9,5,Hombre,11
1067,Colegio 5,Distrito 5,3,Mujer,18
1068,Colegio 10,Distrito 10,3,Hombre,10
1069,Colegio 6,Distrito 6,6,Mujer,10
1070,Colegio 3,Distrito 3,1,Mujer,14
1071,Colegio 2,Distrito 2,3,Hombre,16
1072,Colegio 3,Distrito 3,3,Hombre,18
1073,Colegio 4,Distrito 4,6,Hombre,10
1074,Colegio 1,Distrito 1,6,Mujer,8
1075,Colegio 8,Distrito 8,6,Hombre,10
1076,Colegio 2,Distrito 2,6,Mujer,11
1077,Colegio 6,Distrito 6,3,Hombre,7
1078,Colegio 9,Distrito 9,2,Mujer,11
1079,Colegio 7,Distrito 7,2,Mujer,5
1080,Colegio 5,Distrito 5,1,Hombre,13
